Feature	SortIndex	Mean_W	StErr_W	Mean_W_GM	StErr_W_GM	CVratio	CVratio_GM	P_Relia95CI_GM	SignConst	Z_SignConst	P_SignConst	Pfdr_SignConst	Spearman_GM	Pearson_GM	P_Spearman_GM	P_Pearson_GM	Pfdr_Spearman_GM	Pfdr_Pearson_GM	FeatSelProb	Z_Perm	P_PermProb	Pfdr_PermProb
H_body_total_movement	1	-0.389301	0.0840524	-0.391456	0.0399097	-4.63164	-42.1073	-1	0.998919	22.3877	Inf	Inf	-0.300282	-0.306559	1.8912	1.95851	1.68734	1.76699	1	-0.913136	0.355409	34.187
H_head_total_movement	2	0.347474	0.213783	0.375846	0.172315	1.62536	9.82778	0.88	0.884387	19.8208	Inf	Inf	-0.0554552	-0.0695163	0.184891	0.24386	0.184891	0.24386	1	0.768223	0.271127	32.807
M_body_total_movement	3	-0.411407	0.147593	-0.42333	0.0960372	-2.78744	-20.978	-0.96	0.988115	22.1455	Inf	Inf	-0.36641	-0.352471	2.6776	2.50656	2.10966	2.10762	1	-0.933533	0.353578	33.4791
M_head_total_movement	4	-0.342772	0.14838	-0.347414	0.113145	-2.3101	-13.0848	-1	1	22.4119	Inf	Inf	-0.113178	-0.134093	0.44597	0.56174	0.366789	0.482559	1	-0.842413	0.309307	32.807
mean_intensity_M	5	0.387475	0.114134	0.39418	0.0636168	3.39492	29.2757	0.98	0.984153	22.0567	Inf	Inf	0.313718	0.316378	2.05494	2.06662	1.80554	1.85442	1	1.01685	0.434544	32.807
mean_intensity_H	6	0.396063	0.156078	0.402032	0.119061	2.5376	14.3356	0.97	0.992076	22.2343	Inf	Inf	0.356113	0.414046	2.56476	3.37741	2.03166	2.61793	1	1.13583	0.532739	35.1872