Feature	SortIndex	Mean_W	StErr_W	Mean_W_GM	StErr_W_GM	CVratio	CVratio_GM	P_Relia95CI_GM	SignConst	Z_SignConst	P_SignConst	Pfdr_SignConst	Spearman_GM	Pearson_GM	P_Spearman_GM	P_Pearson_GM	Pfdr_Spearman_GM	Pfdr_Pearson_GM	FeatSelProb	Z_Perm	P_PermProb	Pfdr_PermProb
H_body_total_movement	1	0.0935368	0.107161	0.105949	0.0508064	0.87286	8.98632	0.76	0.616784	1.81039	1.45447	1.27838	-0.0768983	-0.10488	0.299877	0.438852	0.265866	0.392963	1	0.531434	0.189232	46.7616
H_head_total_movement	2	-0.203848	0.267336	-0.196952	0.191857	-0.762515	-5.56478	-0.54	0.411849	1.20886	0.945548	0.866367	-0.35033	-0.331427	2.73725	2.49378	2.18513	1.93932	1	-1.01885	0.279675	47.0776
M_body_total_movement	3	-0.00736335	0.119579	-0.00481341	0.0375287	-0.0615775	-1.96173	-0.75	0.134882	0.395906	0.460815	0.460815	-0.130901	-0.13128	0.590912	0.596883	0.416092	0.46132	1	-0.015897	0.0861449	37.3698
M_head_total_movement	4	-0.618364	0.0865701	-0.615187	0.0358971	-7.14293	-93.3016	-1	1	2.9352	2.77816	2.30104	-0.356015	-0.34109	2.84363	2.61398	2.23432	1.97734	1	-1.75925	0.918816	20.312
mean_intensity_M	5	0.254398	0.174799	0.290947	0.131034	1.45537	16.1647	0.85	0.76085	2.23325	1.89394	1.59291	-0.0609486	-0.077871	0.22472	0.301582	0.211513	0.287596	1	0.945655	0.351852	38.8556
mean_intensity_H	6	-0.599644	0.0876164	-0.614558	0.0604383	-6.84397	-50.835	-1	1	2.9352	2.77816	2.30104	-0.173162	-0.218904	0.887453	1.26561	0.638273	0.982546	1	-1.07584	0.215064	39.1188